<?xml version="1.0" encoding="UTF-8"?>
<metadata xml:lang="en"><Esri><CreaDate>20180329</CreaDate><CreaTime>12562300</CreaTime><ArcGISFormat>1.0</ArcGISFormat><SyncOnce>FALSE</SyncOnce><DataProperties><itemProps><itemName Sync="TRUE">Eclipses</itemName><imsContentType Sync="TRUE">002</imsContentType><itemSize Sync="TRUE">0.000</itemSize><itemLocation><linkage Sync="TRUE">file://\\JASONT-DT7\C$\Users\christyh\Documents\GitHub\GIS_PyCon_Tutorial_2018\Data\Eclipses.shp</linkage><protocol Sync="TRUE">Local Area Network</protocol></itemLocation></itemProps><coordRef><type Sync="TRUE">Geographic</type><geogcsn Sync="TRUE">GCS_WGS_1984</geogcsn><csUnits Sync="TRUE">Angular Unit: Degree (0.017453)</csUnits><peXml Sync="TRUE">&lt;GeographicCoordinateSystem xsi:type='typens:GeographicCoordinateSystem' xmlns:xsi='http://www.w3.org/2001/XMLSchema-instance' xmlns:xs='http://www.w3.org/2001/XMLSchema' xmlns:typens='http://www.esri.com/schemas/ArcGIS/10.6'&gt;&lt;WKT&gt;GEOGCS[&amp;quot;GCS_WGS_1984&amp;quot;,DATUM[&amp;quot;D_WGS_1984&amp;quot;,SPHEROID[&amp;quot;WGS_1984&amp;quot;,6378137.0,298.257223563]],PRIMEM[&amp;quot;Greenwich&amp;quot;,0.0],UNIT[&amp;quot;Degree&amp;quot;,0.0174532925199433]],VERTCS[&amp;quot;EGM96_Geoid&amp;quot;,VDATUM[&amp;quot;EGM96_Geoid&amp;quot;],PARAMETER[&amp;quot;Vertical_Shift&amp;quot;,0.0],PARAMETER[&amp;quot;Direction&amp;quot;,1.0],UNIT[&amp;quot;Meter&amp;quot;,1.0]]&lt;/WKT&gt;&lt;XOrigin&gt;-400&lt;/XOrigin&gt;&lt;YOrigin&gt;-400&lt;/YOrigin&gt;&lt;XYScale&gt;11258999068426.238&lt;/XYScale&gt;&lt;ZOrigin&gt;-100000&lt;/ZOrigin&gt;&lt;ZScale&gt;10000&lt;/ZScale&gt;&lt;MOrigin&gt;-100000&lt;/MOrigin&gt;&lt;MScale&gt;10000&lt;/MScale&gt;&lt;XYTolerance&gt;8.983152841195215e-09&lt;/XYTolerance&gt;&lt;ZTolerance&gt;0.001&lt;/ZTolerance&gt;&lt;MTolerance&gt;0.001&lt;/MTolerance&gt;&lt;HighPrecision&gt;true&lt;/HighPrecision&gt;&lt;LeftLongitude&gt;-180&lt;/LeftLongitude&gt;&lt;WKID&gt;4326&lt;/WKID&gt;&lt;LatestWKID&gt;4326&lt;/LatestWKID&gt;&lt;VCSWKID&gt;5773&lt;/VCSWKID&gt;&lt;LatestVCSWKID&gt;5773&lt;/LatestVCSWKID&gt;&lt;/GeographicCoordinateSystem&gt;</peXml></coordRef><lineage><Process ToolSource="c:\program files (x86)\arcgis\desktop10.6\ArcToolbox\Toolboxes\Data Management Tools.tbx\Merge" Date="20180329" Time="125624">Merge C:\Users\christyh\Documents\GitHub\GIS_PyCon_Tutorial_2018\Data\20170821.shp;C:\Users\christyh\Documents\GitHub\GIS_PyCon_Tutorial_2018\Data\20190702.shp;C:\Users\christyh\Documents\GitHub\GIS_PyCon_Tutorial_2018\Data\20201214.shp;C:\Users\christyh\Documents\GitHub\GIS_PyCon_Tutorial_2018\Data\20211204.shp;C:\Users\christyh\Documents\GitHub\GIS_PyCon_Tutorial_2018\Data\20230420.shp;C:\Users\christyh\Documents\GitHub\GIS_PyCon_Tutorial_2018\Data\20240408.shp;C:\Users\christyh\Documents\GitHub\GIS_PyCon_Tutorial_2018\Data\20260812.shp;C:\Users\christyh\Documents\GitHub\GIS_PyCon_Tutorial_2018\Data\20270802.shp;C:\Users\christyh\Documents\GitHub\GIS_PyCon_Tutorial_2018\Data\20280722.shp;C:\Users\christyh\Documents\GitHub\GIS_PyCon_Tutorial_2018\Data\20301125.shp;C:\Users\christyh\Documents\GitHub\GIS_PyCon_Tutorial_2018\Data\20311114.shp;C:\Users\christyh\Documents\GitHub\GIS_PyCon_Tutorial_2018\Data\20330330.shp C:\Users\christyh\Documents\GitHub\GIS_PyCon_Tutorial_2018\Data\Eclipses.shp "OID_ "OID_" true true false 10 Long 0 10 ,First,#,C:\Users\christyh\Documents\GitHub\GIS_PyCon_Tutorial_2018\Data\20170821.shp,OID_,-1,-1,C:\Users\christyh\Documents\GitHub\GIS_PyCon_Tutorial_2018\Data\20190702.shp,OID_,-1,-1,C:\Users\christyh\Documents\GitHub\GIS_PyCon_Tutorial_2018\Data\20201214.shp,OID_,-1,-1,C:\Users\christyh\Documents\GitHub\GIS_PyCon_Tutorial_2018\Data\20211204.shp,OID_,-1,-1,C:\Users\christyh\Documents\GitHub\GIS_PyCon_Tutorial_2018\Data\20230420.shp,OID_,-1,-1,C:\Users\christyh\Documents\GitHub\GIS_PyCon_Tutorial_2018\Data\20240408.shp,OID_,-1,-1,C:\Users\christyh\Documents\GitHub\GIS_PyCon_Tutorial_2018\Data\20260812.shp,OID_,-1,-1,C:\Users\christyh\Documents\GitHub\GIS_PyCon_Tutorial_2018\Data\20270802.shp,OID_,-1,-1,C:\Users\christyh\Documents\GitHub\GIS_PyCon_Tutorial_2018\Data\20280722.shp,OID_,-1,-1,C:\Users\christyh\Documents\GitHub\GIS_PyCon_Tutorial_2018\Data\20301125.shp,OID_,-1,-1,C:\Users\christyh\Documents\GitHub\GIS_PyCon_Tutorial_2018\Data\20311114.shp,OID_,-1,-1,C:\Users\christyh\Documents\GitHub\GIS_PyCon_Tutorial_2018\Data\20330330.shp,OID_,-1,-1;Name "Name" true true false 254 Text 0 0 ,First,#,C:\Users\christyh\Documents\GitHub\GIS_PyCon_Tutorial_2018\Data\20170821.shp,Name,-1,-1,C:\Users\christyh\Documents\GitHub\GIS_PyCon_Tutorial_2018\Data\20190702.shp,Name,-1,-1,C:\Users\christyh\Documents\GitHub\GIS_PyCon_Tutorial_2018\Data\20201214.shp,Name,-1,-1,C:\Users\christyh\Documents\GitHub\GIS_PyCon_Tutorial_2018\Data\20211204.shp,Name,-1,-1,C:\Users\christyh\Documents\GitHub\GIS_PyCon_Tutorial_2018\Data\20230420.shp,Name,-1,-1,C:\Users\christyh\Documents\GitHub\GIS_PyCon_Tutorial_2018\Data\20240408.shp,Name,-1,-1,C:\Users\christyh\Documents\GitHub\GIS_PyCon_Tutorial_2018\Data\20260812.shp,Name,-1,-1,C:\Users\christyh\Documents\GitHub\GIS_PyCon_Tutorial_2018\Data\20270802.shp,Name,-1,-1,C:\Users\christyh\Documents\GitHub\GIS_PyCon_Tutorial_2018\Data\20280722.shp,Name,-1,-1,C:\Users\christyh\Documents\GitHub\GIS_PyCon_Tutorial_2018\Data\20301125.shp,Name,-1,-1,C:\Users\christyh\Documents\GitHub\GIS_PyCon_Tutorial_2018\Data\20311114.shp,Name,-1,-1,C:\Users\christyh\Documents\GitHub\GIS_PyCon_Tutorial_2018\Data\20330330.shp,Name,-1,-1;FolderPath "FolderPath" true true false 254 Text 0 0 ,First,#,C:\Users\christyh\Documents\GitHub\GIS_PyCon_Tutorial_2018\Data\20170821.shp,FolderPath,-1,-1,C:\Users\christyh\Documents\GitHub\GIS_PyCon_Tutorial_2018\Data\20190702.shp,FolderPath,-1,-1,C:\Users\christyh\Documents\GitHub\GIS_PyCon_Tutorial_2018\Data\20201214.shp,FolderPath,-1,-1,C:\Users\christyh\Documents\GitHub\GIS_PyCon_Tutorial_2018\Data\20211204.shp,FolderPath,-1,-1,C:\Users\christyh\Documents\GitHub\GIS_PyCon_Tutorial_2018\Data\20230420.shp,FolderPath,-1,-1,C:\Users\christyh\Documents\GitHub\GIS_PyCon_Tutorial_2018\Data\20240408.shp,FolderPath,-1,-1,C:\Users\christyh\Documents\GitHub\GIS_PyCon_Tutorial_2018\Data\20260812.shp,FolderPath,-1,-1,C:\Users\christyh\Documents\GitHub\GIS_PyCon_Tutorial_2018\Data\20270802.shp,FolderPath,-1,-1,C:\Users\christyh\Documents\GitHub\GIS_PyCon_Tutorial_2018\Data\20280722.shp,FolderPath,-1,-1,C:\Users\christyh\Documents\GitHub\GIS_PyCon_Tutorial_2018\Data\20301125.shp,FolderPath,-1,-1,C:\Users\christyh\Documents\GitHub\GIS_PyCon_Tutorial_2018\Data\20311114.shp,FolderPath,-1,-1,C:\Users\christyh\Documents\GitHub\GIS_PyCon_Tutorial_2018\Data\20330330.shp,FolderPath,-1,-1;SymbolID "SymbolID" true true false 10 Long 0 10 ,First,#,C:\Users\christyh\Documents\GitHub\GIS_PyCon_Tutorial_2018\Data\20170821.shp,SymbolID,-1,-1,C:\Users\christyh\Documents\GitHub\GIS_PyCon_Tutorial_2018\Data\20190702.shp,SymbolID,-1,-1,C:\Users\christyh\Documents\GitHub\GIS_PyCon_Tutorial_2018\Data\20201214.shp,SymbolID,-1,-1,C:\Users\christyh\Documents\GitHub\GIS_PyCon_Tutorial_2018\Data\20211204.shp,SymbolID,-1,-1,C:\Users\christyh\Documents\GitHub\GIS_PyCon_Tutorial_2018\Data\20230420.shp,SymbolID,-1,-1,C:\Users\christyh\Documents\GitHub\GIS_PyCon_Tutorial_2018\Data\20240408.shp,SymbolID,-1,-1,C:\Users\christyh\Documents\GitHub\GIS_PyCon_Tutorial_2018\Data\20260812.shp,SymbolID,-1,-1,C:\Users\christyh\Documents\GitHub\GIS_PyCon_Tutorial_2018\Data\20270802.shp,SymbolID,-1,-1,C:\Users\christyh\Documents\GitHub\GIS_PyCon_Tutorial_2018\Data\20280722.shp,SymbolID,-1,-1,C:\Users\christyh\Documents\GitHub\GIS_PyCon_Tutorial_2018\Data\20301125.shp,SymbolID,-1,-1,C:\Users\christyh\Documents\GitHub\GIS_PyCon_Tutorial_2018\Data\20311114.shp,SymbolID,-1,-1,C:\Users\christyh\Documents\GitHub\GIS_PyCon_Tutorial_2018\Data\20330330.shp,SymbolID,-1,-1;AltMode "AltMode" true true false 5 Long 0 5 ,First,#,C:\Users\christyh\Documents\GitHub\GIS_PyCon_Tutorial_2018\Data\20170821.shp,AltMode,-1,-1,C:\Users\christyh\Documents\GitHub\GIS_PyCon_Tutorial_2018\Data\20190702.shp,AltMode,-1,-1,C:\Users\christyh\Documents\GitHub\GIS_PyCon_Tutorial_2018\Data\20201214.shp,AltMode,-1,-1,C:\Users\christyh\Documents\GitHub\GIS_PyCon_Tutorial_2018\Data\20211204.shp,AltMode,-1,-1,C:\Users\christyh\Documents\GitHub\GIS_PyCon_Tutorial_2018\Data\20230420.shp,AltMode,-1,-1,C:\Users\christyh\Documents\GitHub\GIS_PyCon_Tutorial_2018\Data\20240408.shp,AltMode,-1,-1,C:\Users\christyh\Documents\GitHub\GIS_PyCon_Tutorial_2018\Data\20260812.shp,AltMode,-1,-1,C:\Users\christyh\Documents\GitHub\GIS_PyCon_Tutorial_2018\Data\20270802.shp,AltMode,-1,-1,C:\Users\christyh\Documents\GitHub\GIS_PyCon_Tutorial_2018\Data\20280722.shp,AltMode,-1,-1,C:\Users\christyh\Documents\GitHub\GIS_PyCon_Tutorial_2018\Data\20301125.shp,AltMode,-1,-1,C:\Users\christyh\Documents\GitHub\GIS_PyCon_Tutorial_2018\Data\20311114.shp,AltMode,-1,-1,C:\Users\christyh\Documents\GitHub\GIS_PyCon_Tutorial_2018\Data\20330330.shp,AltMode,-1,-1;Base "Base" true true false 19 Double 0 0 ,First,#,C:\Users\christyh\Documents\GitHub\GIS_PyCon_Tutorial_2018\Data\20170821.shp,Base,-1,-1,C:\Users\christyh\Documents\GitHub\GIS_PyCon_Tutorial_2018\Data\20190702.shp,Base,-1,-1,C:\Users\christyh\Documents\GitHub\GIS_PyCon_Tutorial_2018\Data\20201214.shp,Base,-1,-1,C:\Users\christyh\Documents\GitHub\GIS_PyCon_Tutorial_2018\Data\20211204.shp,Base,-1,-1,C:\Users\christyh\Documents\GitHub\GIS_PyCon_Tutorial_2018\Data\20230420.shp,Base,-1,-1,C:\Users\christyh\Documents\GitHub\GIS_PyCon_Tutorial_2018\Data\20240408.shp,Base,-1,-1,C:\Users\christyh\Documents\GitHub\GIS_PyCon_Tutorial_2018\Data\20260812.shp,Base,-1,-1,C:\Users\christyh\Documents\GitHub\GIS_PyCon_Tutorial_2018\Data\20270802.shp,Base,-1,-1,C:\Users\christyh\Documents\GitHub\GIS_PyCon_Tutorial_2018\Data\20280722.shp,Base,-1,-1,C:\Users\christyh\Documents\GitHub\GIS_PyCon_Tutorial_2018\Data\20301125.shp,Base,-1,-1,C:\Users\christyh\Documents\GitHub\GIS_PyCon_Tutorial_2018\Data\20311114.shp,Base,-1,-1,C:\Users\christyh\Documents\GitHub\GIS_PyCon_Tutorial_2018\Data\20330330.shp,Base,-1,-1;Clamped "Clamped" true true false 5 Long 0 5 ,First,#,C:\Users\christyh\Documents\GitHub\GIS_PyCon_Tutorial_2018\Data\20170821.shp,Clamped,-1,-1,C:\Users\christyh\Documents\GitHub\GIS_PyCon_Tutorial_2018\Data\20190702.shp,Clamped,-1,-1,C:\Users\christyh\Documents\GitHub\GIS_PyCon_Tutorial_2018\Data\20201214.shp,Clamped,-1,-1,C:\Users\christyh\Documents\GitHub\GIS_PyCon_Tutorial_2018\Data\20211204.shp,Clamped,-1,-1,C:\Users\christyh\Documents\GitHub\GIS_PyCon_Tutorial_2018\Data\20230420.shp,Clamped,-1,-1,C:\Users\christyh\Documents\GitHub\GIS_PyCon_Tutorial_2018\Data\20240408.shp,Clamped,-1,-1,C:\Users\christyh\Documents\GitHub\GIS_PyCon_Tutorial_2018\Data\20260812.shp,Clamped,-1,-1,C:\Users\christyh\Documents\GitHub\GIS_PyCon_Tutorial_2018\Data\20270802.shp,Clamped,-1,-1,C:\Users\christyh\Documents\GitHub\GIS_PyCon_Tutorial_2018\Data\20280722.shp,Clamped,-1,-1,C:\Users\christyh\Documents\GitHub\GIS_PyCon_Tutorial_2018\Data\20301125.shp,Clamped,-1,-1,C:\Users\christyh\Documents\GitHub\GIS_PyCon_Tutorial_2018\Data\20311114.shp,Clamped,-1,-1,C:\Users\christyh\Documents\GitHub\GIS_PyCon_Tutorial_2018\Data\20330330.shp,Clamped,-1,-1;Extruded "Extruded" true true false 5 Long 0 5 ,First,#,C:\Users\christyh\Documents\GitHub\GIS_PyCon_Tutorial_2018\Data\20170821.shp,Extruded,-1,-1,C:\Users\christyh\Documents\GitHub\GIS_PyCon_Tutorial_2018\Data\20190702.shp,Extruded,-1,-1,C:\Users\christyh\Documents\GitHub\GIS_PyCon_Tutorial_2018\Data\20201214.shp,Extruded,-1,-1,C:\Users\christyh\Documents\GitHub\GIS_PyCon_Tutorial_2018\Data\20211204.shp,Extruded,-1,-1,C:\Users\christyh\Documents\GitHub\GIS_PyCon_Tutorial_2018\Data\20230420.shp,Extruded,-1,-1,C:\Users\christyh\Documents\GitHub\GIS_PyCon_Tutorial_2018\Data\20240408.shp,Extruded,-1,-1,C:\Users\christyh\Documents\GitHub\GIS_PyCon_Tutorial_2018\Data\20260812.shp,Extruded,-1,-1,C:\Users\christyh\Documents\GitHub\GIS_PyCon_Tutorial_2018\Data\20270802.shp,Extruded,-1,-1,C:\Users\christyh\Documents\GitHub\GIS_PyCon_Tutorial_2018\Data\20280722.shp,Extruded,-1,-1,C:\Users\christyh\Documents\GitHub\GIS_PyCon_Tutorial_2018\Data\20301125.shp,Extruded,-1,-1,C:\Users\christyh\Documents\GitHub\GIS_PyCon_Tutorial_2018\Data\20311114.shp,Extruded,-1,-1,C:\Users\christyh\Documents\GitHub\GIS_PyCon_Tutorial_2018\Data\20330330.shp,Extruded,-1,-1;Snippet "Snippet" true true false 254 Text 0 0 ,First,#,C:\Users\christyh\Documents\GitHub\GIS_PyCon_Tutorial_2018\Data\20170821.shp,Snippet,-1,-1,C:\Users\christyh\Documents\GitHub\GIS_PyCon_Tutorial_2018\Data\20190702.shp,Snippet,-1,-1,C:\Users\christyh\Documents\GitHub\GIS_PyCon_Tutorial_2018\Data\20201214.shp,Snippet,-1,-1,C:\Users\christyh\Documents\GitHub\GIS_PyCon_Tutorial_2018\Data\20211204.shp,Snippet,-1,-1,C:\Users\christyh\Documents\GitHub\GIS_PyCon_Tutorial_2018\Data\20230420.shp,Snippet,-1,-1,C:\Users\christyh\Documents\GitHub\GIS_PyCon_Tutorial_2018\Data\20240408.shp,Snippet,-1,-1,C:\Users\christyh\Documents\GitHub\GIS_PyCon_Tutorial_2018\Data\20260812.shp,Snippet,-1,-1,C:\Users\christyh\Documents\GitHub\GIS_PyCon_Tutorial_2018\Data\20270802.shp,Snippet,-1,-1,C:\Users\christyh\Documents\GitHub\GIS_PyCon_Tutorial_2018\Data\20280722.shp,Snippet,-1,-1,C:\Users\christyh\Documents\GitHub\GIS_PyCon_Tutorial_2018\Data\20301125.shp,Snippet,-1,-1,C:\Users\christyh\Documents\GitHub\GIS_PyCon_Tutorial_2018\Data\20311114.shp,Snippet,-1,-1,C:\Users\christyh\Documents\GitHub\GIS_PyCon_Tutorial_2018\Data\20330330.shp,Snippet,-1,-1;PopupInfo "PopupInfo" true true false 254 Text 0 0 ,First,#,C:\Users\christyh\Documents\GitHub\GIS_PyCon_Tutorial_2018\Data\20170821.shp,PopupInfo,-1,-1,C:\Users\christyh\Documents\GitHub\GIS_PyCon_Tutorial_2018\Data\20190702.shp,PopupInfo,-1,-1,C:\Users\christyh\Documents\GitHub\GIS_PyCon_Tutorial_2018\Data\20201214.shp,PopupInfo,-1,-1,C:\Users\christyh\Documents\GitHub\GIS_PyCon_Tutorial_2018\Data\20211204.shp,PopupInfo,-1,-1,C:\Users\christyh\Documents\GitHub\GIS_PyCon_Tutorial_2018\Data\20230420.shp,PopupInfo,-1,-1,C:\Users\christyh\Documents\GitHub\GIS_PyCon_Tutorial_2018\Data\20240408.shp,PopupInfo,-1,-1,C:\Users\christyh\Documents\GitHub\GIS_PyCon_Tutorial_2018\Data\20260812.shp,PopupInfo,-1,-1,C:\Users\christyh\Documents\GitHub\GIS_PyCon_Tutorial_2018\Data\20270802.shp,PopupInfo,-1,-1,C:\Users\christyh\Documents\GitHub\GIS_PyCon_Tutorial_2018\Data\20280722.shp,PopupInfo,-1,-1,C:\Users\christyh\Documents\GitHub\GIS_PyCon_Tutorial_2018\Data\20301125.shp,PopupInfo,-1,-1,C:\Users\christyh\Documents\GitHub\GIS_PyCon_Tutorial_2018\Data\20311114.shp,PopupInfo,-1,-1,C:\Users\christyh\Documents\GitHub\GIS_PyCon_Tutorial_2018\Data\20330330.shp,PopupInfo,-1,-1;Shape_Leng "Shape_Leng" true true false 19 Double 0 0 ,First,#,C:\Users\christyh\Documents\GitHub\GIS_PyCon_Tutorial_2018\Data\20170821.shp,Shape_Leng,-1,-1,C:\Users\christyh\Documents\GitHub\GIS_PyCon_Tutorial_2018\Data\20190702.shp,Shape_Leng,-1,-1,C:\Users\christyh\Documents\GitHub\GIS_PyCon_Tutorial_2018\Data\20201214.shp,Shape_Leng,-1,-1,C:\Users\christyh\Documents\GitHub\GIS_PyCon_Tutorial_2018\Data\20211204.shp,Shape_Leng,-1,-1,C:\Users\christyh\Documents\GitHub\GIS_PyCon_Tutorial_2018\Data\20230420.shp,Shape_Leng,-1,-1,C:\Users\christyh\Documents\GitHub\GIS_PyCon_Tutorial_2018\Data\20240408.shp,Shape_Leng,-1,-1,C:\Users\christyh\Documents\GitHub\GIS_PyCon_Tutorial_2018\Data\20260812.shp,Shape_Leng,-1,-1,C:\Users\christyh\Documents\GitHub\GIS_PyCon_Tutorial_2018\Data\20270802.shp,Shape_Leng,-1,-1,C:\Users\christyh\Documents\GitHub\GIS_PyCon_Tutorial_2018\Data\20280722.shp,Shape_Leng,-1,-1,C:\Users\christyh\Documents\GitHub\GIS_PyCon_Tutorial_2018\Data\20301125.shp,Shape_Leng,-1,-1,C:\Users\christyh\Documents\GitHub\GIS_PyCon_Tutorial_2018\Data\20311114.shp,Shape_Leng,-1,-1,C:\Users\christyh\Documents\GitHub\GIS_PyCon_Tutorial_2018\Data\20330330.shp,Shape_Leng,-1,-1;Shape_Area "Shape_Area" true true false 19 Double 0 0 ,First,#,C:\Users\christyh\Documents\GitHub\GIS_PyCon_Tutorial_2018\Data\20170821.shp,Shape_Area,-1,-1,C:\Users\christyh\Documents\GitHub\GIS_PyCon_Tutorial_2018\Data\20190702.shp,Shape_Area,-1,-1,C:\Users\christyh\Documents\GitHub\GIS_PyCon_Tutorial_2018\Data\20201214.shp,Shape_Area,-1,-1,C:\Users\christyh\Documents\GitHub\GIS_PyCon_Tutorial_2018\Data\20211204.shp,Shape_Area,-1,-1,C:\Users\christyh\Documents\GitHub\GIS_PyCon_Tutorial_2018\Data\20230420.shp,Shape_Area,-1,-1,C:\Users\christyh\Documents\GitHub\GIS_PyCon_Tutorial_2018\Data\20240408.shp,Shape_Area,-1,-1,C:\Users\christyh\Documents\GitHub\GIS_PyCon_Tutorial_2018\Data\20260812.shp,Shape_Area,-1,-1,C:\Users\christyh\Documents\GitHub\GIS_PyCon_Tutorial_2018\Data\20270802.shp,Shape_Area,-1,-1,C:\Users\christyh\Documents\GitHub\GIS_PyCon_Tutorial_2018\Data\20280722.shp,Shape_Area,-1,-1,C:\Users\christyh\Documents\GitHub\GIS_PyCon_Tutorial_2018\Data\20301125.shp,Shape_Area,-1,-1,C:\Users\christyh\Documents\GitHub\GIS_PyCon_Tutorial_2018\Data\20311114.shp,Shape_Area,-1,-1,C:\Users\christyh\Documents\GitHub\GIS_PyCon_Tutorial_2018\Data\20330330.shp,Shape_Area,-1,-1"</Process></lineage></DataProperties><SyncDate>20180329</SyncDate><SyncTime>12562300</SyncTime><ModDate>20180329</ModDate><ModTime>12562300</ModTime></Esri><dataIdInfo><envirDesc Sync="TRUE">Microsoft Windows 7 Version 6.1 (Build 7601) Service Pack 1; Esri ArcGIS 10.6.0.8321</envirDesc><dataLang><languageCode value="eng" Sync="TRUE"></languageCode><countryCode value="USA" Sync="TRUE"></countryCode></dataLang><idCitation><resTitle Sync="TRUE">Eclipses</resTitle><presForm><PresFormCd value="005" Sync="TRUE"></PresFormCd></presForm></idCitation><spatRpType><SpatRepTypCd value="001" Sync="TRUE"></SpatRepTypCd></spatRpType></dataIdInfo><mdLang><languageCode value="eng" Sync="TRUE"></languageCode><countryCode value="USA" Sync="TRUE"></countryCode></mdLang><mdChar><CharSetCd value="004" Sync="TRUE"></CharSetCd></mdChar><distInfo><distFormat><formatName Sync="TRUE">Shapefile</formatName></distFormat><distTranOps><transSize Sync="TRUE">0.000</transSize></distTranOps></distInfo><mdHrLv><ScopeCd value="005" Sync="TRUE"></ScopeCd></mdHrLv><mdHrLvName Sync="TRUE">dataset</mdHrLvName><refSysInfo><RefSystem><refSysID><identCode code="4326" Sync="TRUE"></identCode><idCodeSpace Sync="TRUE">EPSG</idCodeSpace><idVersion Sync="TRUE">6.14(3.0.1)</idVersion></refSysID></RefSystem></refSysInfo><spatRepInfo><VectSpatRep><geometObjs Name="Eclipses"><geoObjTyp><GeoObjTypCd value="002" Sync="TRUE"></GeoObjTypCd></geoObjTyp><geoObjCnt Sync="TRUE">0</geoObjCnt></geometObjs><topLvl><TopoLevCd value="001" Sync="TRUE"></TopoLevCd></topLvl></VectSpatRep></spatRepInfo><spdoinfo><ptvctinf><esriterm Name="Eclipses"><efeatyp Sync="TRUE">Simple</efeatyp><efeageom code="4" Sync="TRUE"></efeageom><esritopo Sync="TRUE">FALSE</esritopo><efeacnt Sync="TRUE">0</efeacnt><spindex Sync="TRUE">FALSE</spindex><linrefer Sync="TRUE">TRUE</linrefer></esriterm></ptvctinf></spdoinfo><eainfo><detailed Name="Eclipses"><enttyp><enttypl Sync="TRUE">Eclipses</enttypl><enttypt Sync="TRUE">Feature Class</enttypt><enttypc Sync="TRUE">0</enttypc></enttyp><attr><attrlabl Sync="TRUE">FID</attrlabl><attalias Sync="TRUE">FID</attalias><attrtype Sync="TRUE">OID</attrtype><attwidth Sync="TRUE">4</attwidth><atprecis Sync="TRUE">0</atprecis><attscale Sync="TRUE">0</attscale><attrdef Sync="TRUE">Internal feature number.</attrdef><attrdefs Sync="TRUE">Esri</attrdefs><attrdomv><udom Sync="TRUE">Sequential unique whole numbers that are automatically generated.</udom></attrdomv></attr><attr><attrlabl Sync="TRUE">Shape</attrlabl><attalias Sync="TRUE">Shape</attalias><attrtype Sync="TRUE">Geometry</attrtype><attwidth Sync="TRUE">0</attwidth><atprecis Sync="TRUE">0</atprecis><attscale Sync="TRUE">0</attscale><attrdef Sync="TRUE">Feature geometry.</attrdef><attrdefs Sync="TRUE">Esri</attrdefs><attrdomv><udom Sync="TRUE">Coordinates defining the features.</udom></attrdomv></attr><attr><attrlabl Sync="TRUE">OID_</attrlabl><attalias Sync="TRUE">OID_</attalias><attrtype Sync="TRUE">Integer</attrtype><attwidth Sync="TRUE">10</attwidth><atprecis Sync="TRUE">10</atprecis><attscale Sync="TRUE">0</attscale></attr><attr><attrlabl Sync="TRUE">Name</attrlabl><attalias Sync="TRUE">Name</attalias><attrtype Sync="TRUE">String</attrtype><attwidth Sync="TRUE">254</attwidth><atprecis Sync="TRUE">0</atprecis><attscale Sync="TRUE">0</attscale></attr><attr><attrlabl Sync="TRUE">FolderPath</attrlabl><attalias Sync="TRUE">FolderPath</attalias><attrtype Sync="TRUE">String</attrtype><attwidth Sync="TRUE">254</attwidth><atprecis Sync="TRUE">0</atprecis><attscale Sync="TRUE">0</attscale></attr><attr><attrlabl Sync="TRUE">SymbolID</attrlabl><attalias Sync="TRUE">SymbolID</attalias><attrtype Sync="TRUE">Integer</attrtype><attwidth Sync="TRUE">10</attwidth><atprecis Sync="TRUE">10</atprecis><attscale Sync="TRUE">0</attscale></attr><attr><attrlabl Sync="TRUE">AltMode</attrlabl><attalias Sync="TRUE">AltMode</attalias><attrtype Sync="TRUE">Integer</attrtype><attwidth Sync="TRUE">10</attwidth><atprecis Sync="TRUE">10</atprecis><attscale Sync="TRUE">0</attscale></attr><attr><attrlabl Sync="TRUE">Base</attrlabl><attalias Sync="TRUE">Base</attalias><attrtype Sync="TRUE">Double</attrtype><attwidth Sync="TRUE">19</attwidth><atprecis Sync="TRUE">0</atprecis><attscale Sync="TRUE">0</attscale></attr><attr><attrlabl Sync="TRUE">Clamped</attrlabl><attalias Sync="TRUE">Clamped</attalias><attrtype Sync="TRUE">Integer</attrtype><attwidth Sync="TRUE">10</attwidth><atprecis Sync="TRUE">10</atprecis><attscale Sync="TRUE">0</attscale></attr><attr><attrlabl Sync="TRUE">Extruded</attrlabl><attalias Sync="TRUE">Extruded</attalias><attrtype Sync="TRUE">Integer</attrtype><attwidth Sync="TRUE">10</attwidth><atprecis Sync="TRUE">10</atprecis><attscale Sync="TRUE">0</attscale></attr><attr><attrlabl Sync="TRUE">Snippet</attrlabl><attalias Sync="TRUE">Snippet</attalias><attrtype Sync="TRUE">String</attrtype><attwidth Sync="TRUE">254</attwidth><atprecis Sync="TRUE">0</atprecis><attscale Sync="TRUE">0</attscale></attr><attr><attrlabl Sync="TRUE">PopupInfo</attrlabl><attalias Sync="TRUE">PopupInfo</attalias><attrtype Sync="TRUE">String</attrtype><attwidth Sync="TRUE">254</attwidth><atprecis Sync="TRUE">0</atprecis><attscale Sync="TRUE">0</attscale></attr><attr><attrlabl Sync="TRUE">Shape_Leng</attrlabl><attalias Sync="TRUE">Shape_Leng</attalias><attrtype Sync="TRUE">Double</attrtype><attwidth Sync="TRUE">19</attwidth><atprecis Sync="TRUE">0</atprecis><attscale Sync="TRUE">0</attscale></attr><attr><attrlabl Sync="TRUE">Shape_Area</attrlabl><attalias Sync="TRUE">Shape_Area</attalias><attrtype Sync="TRUE">Double</attrtype><attwidth Sync="TRUE">19</attwidth><atprecis Sync="TRUE">0</atprecis><attscale Sync="TRUE">0</attscale><attrdef Sync="TRUE">Area of feature in internal units squared.</attrdef><attrdefs Sync="TRUE">Esri</attrdefs><attrdomv><udom Sync="TRUE">Positive real numbers that are automatically generated.</udom></attrdomv></attr></detailed></eainfo><mdDateSt Sync="TRUE">20180329</mdDateSt></metadata>
